num (ignore),Avg windspeed,windSpeed,Direction,windTurbulence,deploymentTime,,simTime,posEast,posNorth,altitude,longitude,latitude,max altitude,deploymentVelocity,groundspeedVelocity
0,5.185664,0,210.0514996,0,72.22395602,,849.4466144,7470.308333,759.7517376,0,-80.52346907,28.61681113,22787.65679,78.95674124,11.62264014
1,1.672268831,0,108.4374933,0,71.42041107,,848.3233749,4485.145377,-23.11265504,0,-80.55405419,28.6097844,22755.86685,80.2142937,11.62263694
2,2.511122036,0,236.0587823,0,68.91350818,,849.1958193,4990.899918,1842.09166,0,-80.54886508,28.62655674,22823.12438,81.71226181,11.62264404
3,2.369312,0,235.5155668,0,67.61887003,,848.7194687,5218.646102,1166.812121,0,-80.54653477,28.62048291,22828.09204,79.02393472,11.62264173
4,4.397264268,0,239.4182659,0,72.96008366,,850.3156326,6044.540213,1139.913043,0,-80.53807359,28.62023742,22759.21187,79.3880705,11.6226416
5,1.013507248,0,191.8169802,0,73.25116165,,849.4204093,4745.835167,1235.692268,0,-80.55137844,28.62110417,22809.70264,80.15192657,11.62264206
6,0.8528733252,0,235.8302428,0,69.30601326,,847.8679756,8180.937695,-630.7731586,0,-80.51619888,28.60430156,22839.23603,79.15962637,11.62263412
7,9.129676112,0,200.0360694,0,72.13105761,,848.3759664,3749.718617,2366.21529,0,-80.56158004,28.63127447,22842.30455,79.27613747,11.62264667
8,7.174992,0,260.438859,0,69.34589724,,848.3932672,4803.574881,2057.337458,0,-80.55078343,28.62849319,22812.1072,79.47075383,11.62264537
9,1.271226757,0,34.63047295,0,68.19671546,,848.8600799,4930.976382,2168.424481,0,-80.54947762,28.62949175,22815.66053,79.51974348,11.62264539
10,8.60552,0,247.9570791,0,67.48311895,,849.8490759,6488.236745,520.2461934,0,-80.53353144,28.61466248,22822.93538,78.69188846,11.62263916
11,2.188047799,0,184.2810406,0,72.71583866,,849.2312898,2946.816188,1976.563277,0,-80.56980766,28.62777232,22774.70207,78.45515764,11.62264513
12,1.089758681,0,237.2563371,0,71.33812419,,847.5391842,4097.919072,2676.617267,0,-80.55801123,28.63406493,22845.54416,79.32321621,11.62264793
13,5.019932754,0,234.2368592,0,73.54689862,,848.691695,7095.485201,2066.278992,0,-80.52730088,28.6285631,22834.95286,79.16991351,11.6226454
14,1.060226481,0,224.3729282,0,68.20790175,,850.5760968,4374.418562,2017.714291,0,-80.55518064,28.62813837,22781.47676,78.7204495,11.62264521
15,5.945632,0,248.0466647,0,71.4382285,,849.3939993,6403.247386,368.4927294,0,-80.53440297,28.61329815,22804.57688,79.53513061,11.62263826
16,4.671568,0,212.9169242,0,69.79992221,,849.2226812,3532.73273,2053.754955,0,-80.56380426,28.62846506,22794.04145,79.24800775,11.62264536
17,1.101607576,0,195.1335431,0,69.85892124,,849.744874,6486.851876,3234.606678,0,-80.53353018,28.63907331,22825.33907,79.6884875,11.62265007
18,4.485301333,0,200.1493901,0,68.06171806,,851.3286274,1701.397216,1492.935532,0,-80.58256863,28.62342518,22794.44997,80.98470419,11.62264312
19,4.291009959,0,195.8917341,0,68.30269454,,849.7143727,7272.983906,1544.956476,0,-80.52548559,28.62387376,22788.14306,80.28049553,11.62264322
20,1.808790896,0,213.7211216,0,68.81900858,,848.5101695,5129.081178,2170.812025,0,-80.54744784,28.62951245,22838.9215,77.97198144,11.62264556
21,6.549136,0,235.7721832,0,69.45954419,,847.6657419,3741.754149,2416.281349,0,-80.56166148,28.63172475,22806.87689,79.52880986,11.62264678
22,2.145792,0,242.4325935,0,69.90616656,,847.4064358,8393.566594,-1630.497657,0,-80.51402818,28.59530947,22845.19112,79.24330579,11.62263048
23,0.004805395536,0,40.88253652,0,73.07196665,,848.956848,3535.417717,516.7626459,0,-80.56378152,28.61464255,22803.81987,79.64194233,11.62263918
24,4.273470701,0,212.5727219,0,71.02385249,,849.5760538,3609.581705,1135.813268,0,-80.56301979,28.6202096,22802.50535,78.50385616,11.62264159
25,3.68808,0,230.1681443,0,70.78537373,,848.4746469,4315.648321,435.934009,0,-80.55578878,28.61391328,22798.03465,79.35419934,11.62263883
26,5.589087293,0,224.9380082,0,68.95641095,,848.8040141,6003.626103,-132.0559222,0,-80.53849946,28.60879852,22835.34542,78.91315841,11.62263612
27,6.839712,0,199.1127176,0,68.35917116,,848.6208088,2429.619408,2142.810868,0,-80.57510637,28.62926849,22805.5088,79.16052307,11.62264564
28,1.012128515,0,231.3281555,0,70.30836166,,849.7080839,6914.241554,-1292.090273,0,-80.52917824,28.59836155,22828.16475,81.14323056,11.62263163
29,0.004507702484,0,295.3952057,0,72.35965501,,848.4239181,5966.497838,769.951667,0,-80.53887507,28.61691064,22797.06232,78.87958932,11.62263993
30,4.485301333,0,199.0748776,0,70.12287498,,850.7572181,4349.395713,1413.190861,0,-80.55543933,28.62270185,22803.01052,81.0424112,11.62264274
31,2.460489261,0,289.4604681,0,72.93277245,,851.8336946,3160.710919,2492.233989,0,-80.56761471,28.63240935,22737.69252,80.18706884,11.62264692
32,0.6884285727,0,238.9625324,0,68.68896975,,848.6710367,6175.56311,507.1559205,0,-80.53673469,28.61454628,22834.49462,79.05756158,11.62263915
33,2.247087434,0,244.0942676,0,69.61897308,,847.773859,5539.377084,2409.943336,0,-80.54324282,28.63166132,22818.77797,79.09696636,11.62264681
34,1.309617725,0,268.3851537,0,68.35742471,,848.2643144,6286.098537,-1098.203248,0,-80.53561116,28.60010841,22843.80111,79.15526721,11.62263259
35,0.22352,0,235.8582264,0,73.97947009,,848.3715219,5589.630431,489.4882038,0,-80.54273734,28.61439004,22813.53218,80.41184616,11.62263877
36,0.9773283244,0,184.609929,0,68.11276061,,849.1505543,3677.829606,998.4338147,0,-80.56232103,28.61897392,22790.2521,80.01148926,11.62264116
37,6.147543577,0,90.28235893,0,69.24956106,,848.5235861,3383.661574,2055.059848,0,-80.56533162,28.62847719,22793.77989,78.4198883,11.62264541
38,9.154966063,0,61.63419045,0,72.10050394,,851.3298007,2781.535349,1640.959688,0,-80.5715019,28.62475453,22756.5566,79.14962416,11.62264329
39,1.652669501,0,240.2501333,0,72.40711303,,848.1727763,7262.564847,2772.369304,0,-80.52558451,28.6349122,22823.05563,80.80976736,11.62264809
40,4.418326793,0,316.0676112,0,68.91123658,,849.3968081,7442.241132,1911.71564,0,-80.52374909,28.62717114,22825.27293,79.02114708,11.62264468
41,1.875011263,0,229.3387222,0,69.17045056,,850.0919989,4054.59535,1191.526376,0,-80.55846042,28.62070932,22782.26142,84.90208938,11.62264192
42,2.847032355,0,200.8254986,0,72.56728964,,847.9656,7412.090088,-109.33741,0,-80.52407115,28.60899556,22846.43686,79.8466075,11.62263655
43,5.992153035,0,95.22275908,0,73.13785656,,849.8379742,5316.140717,-528.888637,0,-80.54554384,28.60523271,22828.18689,80.45135217,11.62263493
44,5.498592,0,217.5756575,0,68.25157225,,849.7790375,5978.976549,1816.247986,0,-80.53874174,28.62632014,22829.34307,79.39809345,11.62264441
45,9.968992,0,165.0950206,0,73.80949449,,848.9625346,4486.747069,1395.882139,0,-80.5540322,28.62254572,22841.96478,79.08323789,11.62264266
46,6.645994667,0,193.5808441,0,72.53378801,,849.5896837,4694.444466,1712.215347,0,-80.55190298,28.62538984,22803.31789,79.32638383,11.62264402
47,3.755136,0,241.5756237,0,71.74120227,,847.8170748,5348.649357,2818.322006,0,-80.54519512,28.63533476,22844.53609,78.9442046,11.62264823
48,9.141613821,0,190.6654689,0,69.37566358,,849.5352058,11299.17175,-69.32008961,0,-80.48425182,28.60932744,22776.67591,81.67016693,11.62263658
49,5.64669887,0,223.1704745,0,67.85832503,,847.7078207,7005.109514,1300.746029,0,-80.52823156,28.62167899,22844.38308,79.1774791,11.62264227
50,5.309280231,0,164.3898943,0,68.48789182,,849.1398905,1886.209872,2525.095359,0,-80.58067346,28.63270736,22813.31886,78.93565022,11.62264691
51,2.218686606,0,325.3149107,0,71.68722539,,847.5722271,6592.928783,-478.1373259,0,-80.5324647,28.60568328,22842.1568,78.93973327,11.62263504
52,5.115517459,0,232.0717431,0,73.63701508,,849.9738897,3393.955333,86.60394234,0,-80.56523201,28.61077441,22802.50636,85.65061931,11.62263723
53,6.839712,0,209.0833054,0,73.26360271,,849.471583,9147.618441,-864.4693743,0,-80.5062986,28.60219343,22833.58156,79.57943865,11.62263342
54,0.22352,0,215.9560019,0,69.49576852,,849.3583829,4933.23339,-94.15813213,0,-80.54946429,28.60914385,22809.61917,79.60190062,11.62263636
55,4.312473985,0,247.0630191,0,73.96220561,,848.8630391,6625.709973,2297.006509,0,-80.53211277,28.63064057,22811.45417,80.02568004,11.62264638
56,9.209024,0,116.3972613,0,72.34648083,,849.9570003,4084.380322,-667.6924433,0,-80.55816193,28.60398888,22785.30714,79.68251384,11.62263424
57,8.314944,0,242.8368657,0,67.81445004,,849.8680373,4563.359096,827.6868167,0,-80.55324956,28.61743555,22824.655,80.71449461,11.62264045
58,5.597507492,0,249.6768998,0,71.90055778,,848.4363844,6097.049836,-1111.99436,0,-80.53754767,28.59998529,22815.32421,80.79069591,11.62263257
59,4.671568,0,75.88313594,0,71.78204596,,849.2478594,4398.935747,318.1814131,0,-80.554936,28.61285402,22828.96119,78.91271072,11.62263839
60,5.185664,0,208.6851973,0,72.22010315,,849.9217982,7397.342311,-663.1967584,0,-80.52422582,28.60401466,22827.27422,78.99877591,11.62263441
61,1.716263476,0,222.8610963,0,70.31975337,,848.7573048,4486.320264,-1367.66884,0,-80.55404744,28.59769251,22782.64911,78.99196608,11.62263156
62,7.867904,0,245.9356968,0,70.01820003,,848.9134809,1628.279291,534.3953765,0,-80.58331912,28.61480491,22716.86129,79.53176609,11.62263925
63,1.899770978,0,233.2606174,0,70.66327463,,849.070798,5786.94418,4656.202428,0,-80.5406948,28.65186133,22791.03825,80.56030377,11.62265556
64,0.759968,0,233.0332163,0,71.7857684,,850.9370174,3515.663513,1711.441866,0,-80.56398021,28.62538661,22759.11036,79.73833142,11.62264391
65,2.19102559,0,230.2830211,0,67.03405371,,849.4765849,3962.055588,1866.899648,0,-80.55940615,28.62678339,22835.54129,79.08373796,11.62264463
66,5.498592,0,246.6562098,0,67.32432396,,848.564624,4788.626243,-0.03045494806,0,-80.55094524,28.6099909,22727.56818,79.14322284,11.62263685
67,5.128358595,0,245.3686871,0,73.16708927,,849.2540683,7330.512793,275.4926492,0,-80.52490434,28.61245688,22835.60061,80.41146008,11.62263805
68,5.498592,0,82.84947697,0,69.45012733,,848.1216736,4838.235845,703.0184289,0,-80.55043405,28.61631338,22835.63312,79.06119532,11.62263969
69,3.755136,0,175.6853801,0,67.68703771,,848.9793152,5277.092046,-1029.222246,0,-80.54594615,28.60073326,22814.68772,79.42306778,11.62263287
70,0.5845501974,0,220.3604108,0,73.23647282,,851.9282819,6287.853818,755.6109804,0,-80.53558296,28.61678015,22787.59736,79.03230521,11.6226401
71,2.031515165,0,221.9415735,0,70.21881981,,848.6989791,4101.079717,1200.221297,0,-80.55798416,28.62078737,22828.89864,80.0839294,11.62264193
72,1.027233518,0,52.67139522,0,67.05320214,,848.4969967,5643.473046,1573.536152,0,-80.54218038,28.62413889,22832.44474,79.36552613,11.62264302
73,1.386539836,0,105.1427081,0,71.19918058,,849.0913948,5626.976399,356.1595545,0,-80.54235541,28.61319083,22813.57593,79.29958801,11.62263821
74,1.303542062,0,93.5950145,0,73.48754812,,847.9780425,5098.369505,614.241517,0,-80.54776948,28.615514,22845.05746,79.7148596,11.62263952
75,4.409519266,0,138.7818235,0,73.02334622,,848.5751271,5140.582325,1729.870802,0,-80.54733199,28.62554693,22850.95419,78.37052048,11.62264363
76,0.5769372087,0,221.6991614,0,69.64533018,,848.8177703,5907.668774,1580.886384,0,-80.53947356,28.62420381,22812.56088,79.44368158,11.62264334
77,1.619129706,0,291.5460638,0,71.92487681,,849.3844411,4098.286264,295.3999633,0,-80.55801603,28.61265013,22777.35251,79.57552871,11.62263827
78,6.347968,0,236.7543237,0,73.25920349,,850.129055,3481.942594,1487.35139,0,-80.56432638,28.6233714,22812.20316,79.2590601,11.62264304
79,1.88875493,0,174.4831572,0,73.24642512,,848.8140977,5536.393437,-357.116219,0,-80.54328683,28.60677658,22821.94339,84.42806547,11.62263554
80,4.310183239,0,171.119537,0,69.90957172,,848.4062059,4830.906185,657.7461926,0,-80.55050933,28.61590627,22809.65385,78.4122296,11.62263949
81,1.619129706,0,207.2568413,0,68.05444028,,847.4994119,5386.975743,1580.339406,0,-80.54480827,28.62420116,22808.13293,79.24465342,11.62264351
82,3.367701333,0,181.5832617,0,69.69802067,,847.9988029,1985.650961,190.24823,0,-80.57965863,28.61170943,22831.96199,79.59311885,11.62263766
83,4.332288818,0,245.216531,0,73.31254094,,848.4584061,4332.418702,1955.811756,0,-80.5556112,28.62758181,22840.49188,79.35925088,11.62264491
84,2.031515165,0,206.4516322,0,70.12243143,,849.2136175,4782.933631,1341.05336,0,-80.55099793,28.62205157,22823.22368,81.59445131,11.62264212
85,7.689088,0,189.6995011,0,72.62763868,,848.3400951,4860.687609,457.1854915,0,-80.55020509,28.61410247,22832.82082,78.76901909,11.62263874
86,2.453997243,0,215.6109566,0,68.1726541,,848.8755704,5693.555556,1068.257434,0,-80.54166979,28.61959459,22824.40444,79.15203206,11.62264102
87,0.002829350982,0,223.2919645,0,73.38181214,,849.8707791,3555.91398,1548.154796,0,-80.56356833,28.62391802,22695.29855,79.08647704,11.62264327
88,6.772656,0,246.6350953,0,69.79672737,,849.5377948,3786.529981,1044.368949,0,-80.56120726,28.61938671,22819.41573,79.21223607,11.62264098
89,4.301346924,0,218.7820001,0,73.46396933,,848.2597674,4755.920756,1228.917409,0,-80.55127515,28.62104321,22773.73971,77.26565748,11.62264205
90,2.186243084,0,72.19855144,0,69.64672928,,849.9448705,4650.09841,1155.74798,0,-80.5523596,28.62038557,22786.03426,80.23846949,11.6226418
91,0.6087122071,0,230.9461919,0,67.81164738,,847.4847062,6924.986882,-2857.347737,0,-80.52907767,28.5842848,22848.65462,79.9960019,11.62262532
92,4.16183064,0,202.7885869,0,67.18265913,,852.0798361,6928.042507,3193.532092,0,-80.52900961,28.63870164,22751.8641,80.02996221,11.62265003
93,8.60552,0,235.0630119,0,70.1986721,,848.3462256,7211.036495,1284.544325,0,-80.52612191,28.62153216,22831.69251,79.39768159,11.6226422
94,0.01830450007,0,197.8406679,0,73.84013314,,848.34624,4928.717328,50.55502084,0,-80.54950992,28.6104453,22826.24812,79.71393799,11.6226369
95,7.420864,0,99.69713104,0,68.68326008,,849.7362235,3987.80355,706.4204911,0,-80.55914641,28.61634687,22764.15738,79.3359016,11.62263976
96,0.402336,0,186.3357883,0,67.61661038,,853.1488314,3059.901664,1821.865638,0,-80.56864943,28.62638083,22696.91588,79.32199012,11.62264442
97,1.378992796,0,250.4861011,0,69.5285129,,851.3148923,5137.447411,881.7666117,0,-80.54736793,28.61791976,22641.81314,80.3970042,11.62264047
98,4.671568,0,142.7350568,0,67.43043588,,849.8464005,6601.190466,54.3073448,0,-80.53237699,28.61047162,22792.29008,79.81454728,11.62263728
99,0.008974015159,0,247.0605183,0,70.27881422,,849.3183081,3543.233211,2037.67833,0,-80.56369673,28.62832045,22770.79913,79.07857068,11.62264538
100,9.968992,0,209.5268072,0,71.30194402,,848.9386851,4095.190927,2135.088394,0,-80.55804113,28.62919485,22772.78435,78.99977001,11.62264554
101,5.626917949,0,98.22269466,0,69.71766258,,847.4907188,7708.607665,950.2603346,0,-80.52102648,28.61852302,22825.90146,79.03665094,11.62264043
102,5.13068173,0,182.1332714,0,69.40653587,,849.3582603,4547.532282,162.8387455,0,-80.55341436,28.61145648,22753.67278,82.5921925,11.62263773
103,1.087585946,0,224.8216753,0,67.23188791,,849.7415721,5573.763602,657.2778592,0,-80.54289906,28.61589908,22826.96981,81.77113072,11.62263959
104,5.143628583,0,238.8496876,0,69.48202457,,847.3517416,6560.92856,631.7503,0,-80.53278611,28.61566489,22855.41424,79.03717351,11.62263924
105,1.022549464,0,216.1867421,0,73.39153233,,848.3207463,6340.77848,1236.147144,0,-80.53503809,28.62110146,22827.68293,78.55493531,11.62264183
106,1.619129706,0,92.03498574,0,68.8282195,,850.2355783,7186.680515,282.3543208,0,-80.52637776,28.61251939,22790.5533,79.23597291,11.62263813
107,2.244752012,0,212.9228268,0,68.44210525,,849.3049708,7214.424122,1962.798173,0,-80.52608291,28.62763182,22803.79425,78.86610414,11.6226445
108,0.01769561786,0,134.8370514,0,71.12293248,,849.3171253,6854.150937,-942.9444859,0,-80.52979164,28.60150181,22772.23249,79.89990124,11.62263319
109,9.209024,0,211.1330183,0,68.65521814,,847.817018,7469.546919,751.7311799,0,-80.52347692,28.616739,22829.87118,79.20877078,11.62264001
110,5.185664,0,224.1516815,0,72.66818043,,850.6389614,3219.511211,2858.36264,0,-80.5670112,28.63570188,22783.39895,78.69512533,11.62264837
111,3.52737359,0,186.905054,0,68.74420355,,847.8447768,6703.283543,523.585105,0,-80.53132838,28.61469141,22849.38449,79.28256344,11.62263914
112,5.285453165,0,232.4691053,0,70.1618052,,851.9997162,4604.160379,392.8295962,0,-80.55283332,28.61352464,22695.03243,81.73707837,11.62263848
113,2.145792,0,202.2685563,0,69.61324487,,849.5264506,7138.129725,-919.6327742,0,-80.52688265,28.60170993,22822.99541,79.98020705,11.6226333
114,0.9996045758,0,250.6425533,0,69.11714409,,849.0177655,5858.918403,2062.739676,0,-80.53997055,28.62853744,22781.47642,79.34438036,11.62264534
115,0.22352,0,191.350144,0,73.75246032,,848.426015,6003.283109,-878.8199017,0,-80.5385069,28.60208271,22849.11505,80.9957745,11.62263348
116,1.874472141,0,242.0884336,0,73.09647482,,849.5590587,3490.128692,582.2297656,0,-80.56424528,28.61523143,22755.01781,80.61427989,11.62263943
117,0.6231723813,0,261.6310687,0,71.43858919,,850.8098726,5479.158955,1057.527254,0,-80.54386633,28.61949901,22727.81604,80.51516519,11.62264123
118,1.746431989,0,43.40541699,0,72.71809512,,849.4275891,5909.378121,76.213541,0,-80.53946384,28.61067196,22814.12382,80.00821968,11.62263717
119,8.896096,0,112.5526868,0,72.26332846,,850.1363287,3250.39962,1498.788476,0,-80.56669858,28.62347486,22680.58266,80.64905623,11.6226431
120,3.68808,0,216.0905746,0,68.19304002,,849.9624516,4598.472112,2279.164033,0,-80.55288398,28.63048887,22738.412,81.33356516,11.62264583
121,6.347968,0,98.7523276,0,69.24150127,,848.4340202,4552.056923,1715.765561,0,-80.5533618,28.62542227,22838.48493,79.64707787,11.62264401
122,1.917972695,0,264.4894337,0,67.96220507,,851.153649,2105.17855,-308.4604822,0,-80.57843509,28.60722424,22735.51206,78.65359897,11.62263547
123,10.326624,0,281.9102217,0,71.09228318,,848.0382545,6045.232759,898.5886867,0,-80.53806778,28.61806713,22846.61133,79.12333402,11.62264053
124,4.902538667,0,229.2485853,0,68.87024421,,848.6658949,1637.991649,77.33325797,0,-80.58322028,28.61069444,22805.29274,79.6604594,11.62263691
125,5.595505495,0,233.9021624,0,71.12243125,,850.0694343,3096.773958,3339.306851,0,-80.56826752,28.64002741,22788.29606,79.0486331,11.62265044
126,0.0100938706,0,58.68617055,0,70.52691382,,849.1948159,5014.260317,92.41554366,0,-80.54863343,28.61082143,22726.11856,79.12016705,11.62263721
127,0.01547242831,0,221.1971788,0,67.24530198,,853.0134249,4572.613822,1204.642758,0,-80.55315324,28.62082556,22672.36421,79.38600592,11.62264161
128,5.945632,0,279.836259,0,68.88300119,,848.0695373,5506.374304,506.825234,0,-80.54359017,28.61454632,22827.26475,78.89253422,11.62263872
129,5.050580434,0,265.994199,0,73.95840933,,848.2649246,5002.103897,1293.093801,0,-80.54875269,28.62161944,22830.88334,79.11888983,11.62264191
130,2.61372665,0,176.7131148,0,70.16571278,,847.9752428,5871.034057,-1168.687703,0,-80.53986305,28.59947647,22855.1076,78.94132044,11.62263225
131,5.117060961,0,238.4067716,0,69.88106517,,849.2420106,5453.336486,-1159.625461,0,-80.54414148,28.59955979,22773.67077,78.62252426,11.62263205
132,1.411789614,0,205.1959461,0,67.77214411,,847.4550162,4190.083,877.2784175,0,-80.5570735,28.61788279,22845.49156,80.0797944,11.62264048
133,2.410394521,0,235.9279732,0,69.66851435,,849.024833,5058.420002,-1480.615537,0,-80.54818803,28.59667466,22811.99401,79.36613896,11.62263096
134,2.61372665,0,191.3978446,0,70.36953619,,849.0568725,5399.307953,287.9858235,0,-80.54468804,28.6125787,22841.70552,79.20927942,11.62263795
135,5.040885311,0,260.9449065,0,68.60687294,,848.2606797,5528.35066,3301.126732,0,-80.54335147,28.63967597,22823.7889,79.5041295,11.62265025
136,1.885108741,0,213.1684875,0,71.67344154,,848.7739016,2387.823954,1327.53584,0,-80.57553631,28.62193662,22754.87295,79.13879439,11.62264245
137,9.179568755,0,171.7026851,0,71.9316065,,849.1303736,4587.902727,2379.329502,0,-80.55299187,28.63138972,22783.98755,79.48185795,11.62264661
138,7.972213333,0,230.8388376,0,68.31126668,,850.8532245,5679.146264,-202.1171637,0,-80.54182374,28.6081699,22831.09824,79.33087162,11.62263626
139,0.6911361048,0,255.8297738,0,71.26944615,,849.4391119,5441.140932,485.5477194,0,-80.54425855,28.61435524,22834.28018,79.12815338,11.62263895
140,1.619129706,0,220.0901207,0,70.98615892,,850.4873378,8445.278228,89.10660883,0,-80.51348579,28.6107739,22777.32141,79.33555207,11.62263736
141,0.22352,0,253.9142363,0,73.58828715,,847.4922274,6667.136126,-1226.497866,0,-80.53170893,28.59895273,22831.21226,78.99521195,11.62263169
142,0.22352,0,232.7925808,0,73.25770667,,850.1189741,6628.844247,439.3649141,0,-80.53209146,28.61393439,22813.00291,79.13182591,11.62263832
143,4.375293204,0,235.2954756,0,72.55118416,,850.3802635,5217.032363,-254.2702974,0,-80.5465578,28.60770281,22734.59162,80.27615563,11.62263587
144,2.22479444,0,232.2836273,0,71.58991396,,849.9932792,4313.851538,3565.898755,0,-80.55579534,28.64206173,22818.34863,78.80044976,11.62265106
145,2.23456249,0,63.23209886,0,71.24909086,,851.0893944,5107.466685,48.27677383,0,-80.54767881,28.61042412,22768.85633,79.50009422,11.62263716
146,5.08601157,0,86.0284192,0,71.5874806,,848.6561157,5771.000486,940.3780959,0,-80.54087702,28.6184442,22807.52131,79.07620614,11.62264081
147,0.01057059613,0,179.6546022,0,72.3631241,,851.097068,5101.754694,878.8307606,0,-80.54773361,28.61789349,22786.25245,79.847384,11.62264063
148,1.270110726,0,189.7227979,0,72.26830515,,848.7048838,6435.508455,-86.21769623,0,-80.53407504,28.60920868,22828.89898,79.566211,11.62263663
149,5.832664992,0,239.6129533,0,69.95220024,,850.2127769,5400.491753,2304.345278,0,-80.54466636,28.63071224,22782.08779,85.67915392,11.62264603
150,1.894390525,0,196.7905782,0,72.78867186,,848.1730278,3542.398682,1109.18579,0,-80.56370816,28.61997032,22776.67475,79.35605618,11.6226414
151,2.441247054,0,197.6446378,0,67.23775632,,849.8971077,5703.161469,-680.1077864,0,-80.54158013,28.60387112,22787.66931,78.03655432,11.6226342
152,0.02083700918,0,208.7747845,0,67.74876817,,848.1119772,6084.208946,1851.879756,0,-80.53766338,28.6266401,22835.52271,79.28916455,11.62264433
153,4.318980498,0,190.1678351,0,70.06651534,,848.8433604,5155.759727,695.6440356,0,-80.54718117,28.61624584,22784.2342,78.81595079,11.62263962
154,0.6639168268,0,78.67608227,0,68.3266101,,848.7282655,7116.553028,1921.628488,0,-80.52708592,28.62726212,22831.44014,79.24287125,11.6226449
155,4.485301333,0,71.5083448,0,72.66801486,,849.8229327,5929.762769,2292.345511,0,-80.53924349,28.63060202,22784.20013,80.1735996,11.62264636
156,2.23927075,0,220.9606025,0,70.30033869,,849.4359314,6912.019522,-161.444839,0,-80.52919415,28.6085297,22823.04878,79.67617176,11.62263635
157,7.420864,0,243.2519897,0,70.01969822,,852.0834728,5431.306756,428.4431621,0,-80.54435957,28.61384172,22738.47588,79.0717335,11.62263867
158,6.075557814,0,193.6768821,0,73.0700695,,849.2735021,4918.539635,3064.431823,0,-80.54960118,28.63754978,22789.02988,78.86146551,11.62264898
159,8.896096,0,304.4365081,0,69.61317758,,847.8987873,5769.046196,-2067.296761,0,-80.54091226,28.59139555,22825.01874,79.04802294,11.6226283
160,5.832664992,0,232.8740842,0,70.14448244,,849.4584512,4668.327682,894.4194559,0,-80.55217391,28.61803532,22820.19405,79.18517529,11.62264023
161,6.839712,0,180.1660878,0,70.84585173,,848.3489848,5395.738277,1195.048935,0,-80.54472032,28.62073612,22812.95897,79.10989984,11.62264195
162,1.69627501,0,91.19491029,0,67.0432429,,847.8978619,4567.365179,1116.036969,0,-80.55320737,28.62002873,22786.86439,78.97497274,11.6226415
163,4.284519934,0,204.3363474,0,67.19807256,,850.1022642,2264.606437,3820.834793,0,-80.57679374,28.64435962,22764.52881,85.38326253,11.62265249
164,8.896096,0,238.2561278,0,69.02887423,,849.5264021,3512.040952,805.7855208,0,-80.56402011,28.61724185,22821.84811,78.70001535,11.62264019
165,1.696975859,0,208.3038518,0,67.99378159,,849.3318429,4216.231822,1880.312288,0,-80.5568019,28.62690321,22833.74934,79.68855243,11.62264423
166,5.027924275,0,193.9022691,0,69.63120807,,848.4407112,5944.83827,-991.3926685,0,-80.53910615,28.60107059,22814.94708,79.06648143,11.62263306
167,1.694430817,0,234.589077,0,73.96890422,,849.3569322,2434.565444,665.3941807,0,-80.57505885,28.61598175,22820.96494,80.40524938,11.62263977
168,0.6254719486,0,220.9658345,0,73.18998616,,848.7755431,7450.602045,483.6733724,0,-80.52367276,28.61432841,22794.8768,79.44050459,11.62263861
169,3.06575459,0,208.2420518,0,69.31432896,,849.1680358,4449.319268,1399.47778,0,-80.55441564,28.62257818,22804.30507,76.4163542,11.62264256
170,6.645994667,0,217.288237,0,72.00820497,,849.3142801,7449.67758,-102.200831,0,-80.52368606,28.60905952,22815.33766,79.04138782,11.62263666
171,6.549136,0,242.4037686,0,71.93717342,,848.793216,3682.9511,1701.958949,0,-80.56226629,28.62530086,22820.20845,79.61773881,11.62264378
172,2.369312,0,214.4796314,0,68.58757487,,851.8543808,2434.821333,86.27985527,0,-80.57505747,28.61077365,22760.07718,79.31352838,11.62263708
173,1.422641002,0,200.1395987,0,68.65404955,,849.5406821,5992.558381,-1328.324291,0,-80.53861912,28.59804027,22813.02183,79.49946008,11.62263159
174,5.577041328,0,243.9673526,0,72.48089006,,848.037307,5862.815965,1572.285514,0,-80.53993314,28.62412667,22838.7755,79.07843188,11.62264343
175,0.22352,0,225.1867406,0,69.04258098,,848.7754562,3433.541464,492.5930938,0,-80.56482526,28.61442546,22797.53076,78.59283433,11.62263887
176,3.022977863,0,215.2877943,0,67.73262844,,849.3892736,3210.566273,2009.93165,0,-80.56710525,28.62807178,22772.62672,79.17845314,11.62264522
177,1.374981014,0,228.1434389,0,73.0225561,,850.364652,4274.378877,1791.294624,0,-80.55620648,28.62610246,22768.44072,79.3548652,11.62264399
178,1.288571535,0,20.19383764,0,71.64284181,,848.9925683,8190.566616,2059.09277,0,-80.51608092,28.62849203,22808.60398,79.15707861,11.62264539
179,4.401683409,0,91.0925177,0,71.59647202,,848.926016,5360.466663,2006.813321,0,-80.54507786,28.62803664,22825.93953,80.08683058,11.62264519
180,8.314944,0,226.3125383,0,68.65006532,,849.7430844,6115.288027,2487.514671,0,-80.53734155,28.63235635,22800.04164,78.46996328,11.62264713
181,2.429330368,0,14.17331964,0,69.87212801,,849.2908943,7451.825718,459.6118371,0,-80.52366038,28.61411201,22813.20735,78.46924413,11.62263862
182,4.902538667,0,229.7016935,0,73.72193804,,848.3280526,6356.696194,-427.8147229,0,-80.53488429,28.60613702,22825.98529,79.17831218,11.62263536
183,1.903337956,0,246.4799219,0,68.72928368,,849.5234051,4913.293332,-1142.374559,0,-80.54967307,28.59971709,22763.43147,79.86878118,11.62263206
184,4.485301333,0,213.1618809,0,70.51845121,,849.3426723,7432.996115,148.8284706,0,-80.52385531,28.61131718,22820.33755,79.28584022,11.6226376
185,2.031515165,0,227.4616599,0,69.63073211,,850.1450588,3911.662977,910.6606079,0,-80.55992574,28.61818388,22788.16327,79.91595995,11.62264069
186,5.049969734,0,223.4843258,0,67.26882841,,849.6133348,5378.776742,2243.737905,0,-80.54488914,28.63016728,22822.19497,81.69741277,11.62264607
187,5.337742615,0,142.1118615,0,71.85863423,,849.7945287,3575.212942,615.1691742,0,-80.56337353,28.61552743,22752.60774,78.45680024,11.62263916
188,2.145792,0,205.6199328,0,69.31122739,,851.3975987,5735.784501,102.9531338,0,-80.54124202,28.61091321,22762.17284,79.10364382,11.62263752
189,6.00830666,0,67.82093552,0,73.26338817,,850.8568051,5304.959852,-764.6032323,0,-80.54565946,28.60311293,22774.16816,80.00163317,11.62263348
190,5.024678931,0,202.6212063,0,70.38257886,,848.3939623,2501.866714,923.0582879,0,-80.57436881,28.61829885,22802.25943,80.28096921,11.62264058
191,6.015119401,0,215.5043372,0,71.71909398,,849.104153,5703.659615,1275.182432,0,-80.54156524,28.62145546,22822.11569,79.57003741,11.62264221
192,9.968992,0,60.08838842,0,71.32742104,,850.3840264,7729.619102,-396.1854513,0,-80.52082035,28.60641402,22812.53323,82.45036701,11.62263517
193,1.288499886,0,112.3921823,0,73.30184993,,850.2495902,5241.517339,1651.707804,0,-80.54629822,28.62484359,22798.15518,80.15535701,11.62264336
194,2.529693056,0,66.48813859,0,69.99866479,,850.7650285,6481.589772,598.3065706,0,-80.53359909,28.61536453,22674.10524,79.2780469,11.62263905
195,3.755136,0,253.1409021,0,72.55035389,,848.5601223,5308.541325,616.597178,0,-80.54561635,28.61553434,22825.65773,79.41827334,11.62263962
196,5.280509939,0,246.0438771,0,73.84453291,,847.7175305,7981.089079,-1198.883268,0,-80.51824999,28.59919367,22816.04327,78.7584687,11.6226321
197,1.889257227,0,203.1084746,0,68.47886344,,849.3234394,4176.825169,1971.81604,0,-80.55720531,28.62772625,22806.9389,78.92511674,11.62264483
198,0.6737979611,0,216.4763118,0,69.3748405,,849.1365352,3989.226639,2303.971269,0,-80.55912623,28.63071398,22803.67436,77.75447203,11.62264613
199,2.61372665,0,245.5671442,0,73.6274103,,848.7209507,7997.470313,1175.963191,0,-80.51806555,28.62055106,22791.48297,79.4490516,11.62264174
200,3.367701333,0,231.9132886,0,69.25227661,,850.2612975,4721.442611,2045.99405,0,-80.55162499,28.62839148,22753.1196,79.75174273,11.6226454
201,4.485301333,0,194.8202986,0,67.83080263,,848.165858,4454.948781,784.4745649,0,-80.55436037,28.61704731,22829.19801,80.33436577,11.62264011
202,1.869188644,0,238.4505997,0,68.80201572,,848.3602485,5480.601932,1977.746224,0,-80.54384712,28.62777473,22831.18342,79.26036052,11.62264498
203,6.549136,0,212.1509276,0,70.43455965,,848.2617945,6021.518505,-292.9914015,0,-80.53831702,28.60735111,22796.8465,79.11287881,11.62263549
204,5.586655917,0,325.0448531,0,67.93306957,,849.1319996,4575.187124,979.9038617,0,-80.55312778,28.61880443,22812.81241,79.98714694,11.62264099
205,7.972213333,0,253.6388858,0,67.89127067,,849.7232146,4211.884354,2390.600216,0,-80.55684455,28.63149235,22833.6515,79.79867703,11.62264637
206,2.847032355,0,204.4727338,0,69.74012135,,849.7743571,5816.991135,2286.938753,0,-80.54039898,28.6305539,22798.44083,79.72548743,11.62264605
207,0.402336,0,60.41321144,0,71.43440158,,848.8827156,4531.637373,2089.105823,0,-80.55356953,28.62877987,22831.47721,80.26626443,11.62264558
208,4.16183064,0,232.4567324,0,73.8436488,,847.2895831,4924.69559,-1527.751031,0,-80.54955794,28.59625127,22847.39167,79.132093,11.62263071
209,9.298432,0,203.6218164,0,69.38829605,,848.7607955,4551.043953,2567.782834,0,-80.55336878,28.63308465,22835.53134,82.14757939,11.6226471
210,5.498592,0,254.3042475,0,69.03304699,,848.1950946,4432.393366,1259.01629,0,-80.5545896,28.62131504,22795.12767,80.04161938,11.62264214
211,9.129727781,0,339.828967,0,72.56371821,,847.8058589,7156.293975,1194.72731,0,-80.52668332,28.62072472,22845.31965,79.78982107,11.62264193
212,4.271795097,0,195.1235432,0,67.22191915,,849.7405875,4049.822315,-226.2073652,0,-80.55851436,28.60795935,22801.33101,80.52350225,11.62263607
213,2.197874262,0,250.4047541,0,70.67904053,,848.4696178,7103.731146,-45.63295581,0,-80.52722955,28.60957019,22846.50722,79.56926253,11.62263689
214,0.6855548646,0,220.65692,0,71.59208456,,849.0976512,5866.94402,406.1099062,0,-80.53989684,28.61363898,22818.99284,78.74574392,11.62263831
215,5.945632,0,193.0396453,0,68.30001115,,848.7520825,2532.877366,694.375507,0,-80.57405162,28.6162422,22793.05487,80.41247463,11.62263954
216,5.156894151,0,215.7136437,0,71.09410826,,849.0612665,7179.135266,-288.9750481,0,-80.52645865,28.60738134,22828.1375,78.89883222,11.62263564
217,1.138758403,0,182.6455726,0,68.00847466,,848.9824961,6132.417792,-906.7372079,0,-80.53718429,28.60183104,22824.46619,80.86480833,11.62263333
218,8.49376,0,107.9021085,0,67.95391719,,848.8812444,6489.033885,741.7978152,0,-80.53352201,28.61665494,22785.32289,79.36377937,11.62264002
219,1.291918097,0,215.3111188,0,71.38563918,,847.7917274,3964.260343,228.367766,0,-80.55938926,28.61204771,22841.57378,80.04140659,11.6226376
220,6.772656,0,227.8667915,0,71.28953906,,849.4021241,4782.376229,2028.479315,0,-80.55100075,28.62823374,22827.5722,79.84762918,11.62264508
221,6.645994667,0,190.5538922,0,71.56226613,,848.3700365,5924.94346,-88.09917595,0,-80.53930524,28.60919419,22831.62644,81.01078697,11.62263629
222,1.894925168,0,219.0796845,0,68.41703622,,848.9463789,3907.195501,511.2421398,0,-80.55997287,28.61459183,22802.99453,78.51575263,11.62263909
223,3.009930093,0,212.4222934,0,71.07091563,,849.2697118,7079.368887,-1897.384006,0,-80.52749061,28.59291713,22799.32493,78.61060862,11.62262906
224,0.5310641223,0,132.0834832,0,71.48379755,,849.51295,4682.442152,1306.66553,0,-80.55202762,28.62174268,22797.53466,79.24022622,11.6226422
225,1.275397385,0,194.7614984,0,67.19916725,,850.1501285,4119.898435,2692.209315,0,-80.55778596,28.63420508,22742.61929,78.8137288,11.62264783
226,5.324373217,0,23.112146,0,70.03958149,,850.3947649,4662.989078,529.5949241,0,-80.5522301,28.61475439,22838.5009,79.84820378,11.62263915
227,5.307081592,0,216.5498232,0,71.04318967,,848.3156441,7052.314199,1259.019157,0,-80.5277482,28.62130348,22792.4877,79.59585205,11.62264216
228,2.579318737,0,201.4798125,0,68.38580902,,849.0613989,4873.668599,3200.099078,0,-80.55006038,28.63877003,22815.4044,79.01124535,11.62264978
229,1.073291631,0,271.7104912,0,73.69447228,,849.7150001,6208.206871,2190.001829,0,-80.5363911,28.62968032,22827.17111,79.14550239,11.62264596
230,2.031515165,0,260.8572079,0,68.64194187,,850.6812772,3910.615664,703.0345786,0,-80.55993718,28.61631665,22810.55926,79.25510805,11.62263986
231,6.549136,0,234.8676417,0,71.04584536,,851.8219532,6548.078028,1066.90279,0,-80.53291526,28.61957838,22696.53821,79.34347617,11.62264088
232,1.808790896,0,241.9708841,0,68.56030504,,849.3953049,6104.680951,-882.7252895,0,-80.53746828,28.60204712,22816.94723,79.11521352,11.62263343
233,3.367701333,0,254.8511012,0,68.30365901,,848.5602633,5528.699954,2141.010424,0,-80.54335353,28.6292428,22797.54036,79.25843374,11.62264573
234,2.426978936,0,202.5206885,0,68.09906074,,849.6034265,5057.553957,1470.048644,0,-80.54818381,28.62321062,22752.29689,79.03985373,11.62264256
235,4.315148737,0,72.31851767,0,70.55932288,,849.4573244,7788.124259,-68.18960701,0,-80.5202188,28.60936341,22843.54423,78.76814796,11.62263665
236,3.68808,0,231.0399322,0,72.53439553,,849.847723,4310.379358,178.1027924,0,-80.55584373,28.61159456,22813.33322,79.82884482,11.6226375
237,5.185664,0,231.3464172,0,70.46411581,,850.8146532,1657.999328,699.1546604,0,-80.58301441,28.61628659,22753.20349,79.09786942,11.6226396
238,8.49376,0,134.8161346,0,71.63023958,,848.5402258,5401.673774,5.846898893,0,-80.54466514,28.61004135,22829.41946,79.94118175,11.62263699
239,4.404331368,0,72.77448076,0,73.81567327,,851.8851187,4867.708612,4.437936383,0,-80.5501351,28.61003079,22738.92717,79.25440648,11.62263694
240,9.172256148,0,206.2640657,0,70.77543399,,848.3330049,7174.848688,1305.592197,0,-80.52649252,28.62172165,22836.11183,80.02720335,11.62264229
241,3.68808,0,225.2447292,0,68.49289453,,848.7250934,5977.812904,-929.0388441,0,-80.53876806,28.6016312,22836.89837,79.18366289,11.62263331
242,1.808790896,0,227.0567506,0,68.4983358,,848.3401949,3238.48649,1593.908889,0,-80.56682036,28.62433033,22838.2692,80.98227965,11.62264302
243,1.07234641,0,230.8048022,0,68.84882873,,851.1872063,4532.682321,-1330.679949,0,-80.55357242,28.598025,22767.72248,79.82862893,11.62263132
244,4.671568,0,168.0192535,0,67.84709085,,848.4798079,4291.774743,-20.23368017,0,-80.55603507,28.60981094,22791.43539,79.10395065,11.62263655
245,5.038782079,0,239.7131956,0,71.20971937,,847.9176698,5991.611234,2036.815508,0,-80.53861113,28.6283037,22837.52684,78.98357982,11.62264501
246,0.9545725226,0,179.6044007,0,68.51560333,,850.8217446,6076.529008,1072.041811,0,-80.53774623,28.61962689,22832.50494,80.38807754,11.62264119
247,1.425444876,0,235.7358556,0,67.24467876,,848.1399643,4965.520998,1775.148492,0,-80.54912539,28.6259548,22817.11517,78.48411896,11.62264381
248,9.074912,0,205.4755238,0,73.55152667,,848.4951137,4495.97274,1765.909154,0,-80.55393622,28.62587342,22836.51499,79.44752674,11.62264415
249,9.169702976,0,235.8383022,0,69.51702024,,848.444285,4224.49452,727.5211876,0,-80.55672151,28.61653588,22799.11053,78.81246057,11.62263989
250,0.6573591095,0,187.2813395,0,69.02002122,,850.1513069,5736.700462,2314.847033,0,-80.5412215,28.63080524,22784.84941,78.96709015,11.62264628
251,3.978656,0,200.2983961,0,70.74821144,,849.1076968,5704.236067,351.6788332,0,-80.54156396,28.6131502,22792.0858,77.21083652,11.62263844
252,4.424162982,0,200.8067006,0,69.14778461,,848.8853755,6527.79227,2109.999111,0,-80.53311711,28.62895927,22794.87244,78.87536857,11.62264537
253,9.209024,0,175.6854983,0,69.10254842,,849.8943365,3748.298126,913.7155897,0,-80.56159937,28.61821183,22819.5086,81.70125913,11.62264079
254,7.174992,0,16.61503443,0,73.53381572,,849.6364726,3136.451391,239.7895455,0,-80.56786948,28.61215269,22791.71474,80.37381083,11.62263792
255,2.369312,0,243.7124485,0,73.90939021,,851.1603981,7677.900837,1304.906522,0,-80.52133868,28.62171261,22688.89102,84.74998996,11.62264224
256,4.16183064,0,229.264529,0,67.79999631,,848.0593069,4965.205395,254.3467099,0,-80.54913525,28.6122779,22839.64611,81.09452282,11.62263807
257,1.357568073,0,252.04154,0,71.59517143,,848.7144716,4113.522575,1065.472151,0,-80.55785716,28.61957551,22809.75184,79.38837082,11.62264094
258,7.174992,0,218.1767048,0,71.14497393,,847.6104873,5224.882927,1773.862311,0,-80.54646809,28.62594221,22817.60009,79.0874704,11.62264409
259,2.4728857,0,245.8235475,0,71.50510043,,848.1730976,5613.502111,-300.0773099,0,-80.54249667,28.60728921,22827.25936,79.29174578,11.62263549
260,4.485301333,0,159.8284607,0,72.25372239,,850.734004,5021.041713,-1226.45923,0,-80.54856977,28.59896048,22777.17262,79.04207769,11.6226318
261,5.03974518,0,112.5627324,0,71.70073435,,850.0748508,3817.455125,2978.191231,0,-80.56088395,28.6367779,22790.02412,79.06315739,11.622649
262,1.67074931,0,279.0021189,0,70.7629037,,848.8219666,6062.9369,1205.770855,0,-80.53788477,28.6208296,22781.16483,78.93843327,11.62264196
263,2.61372665,0,250.7914125,0,68.56141667,,847.7876002,4792.409248,1313.846205,0,-80.55090096,28.62180686,22834.76971,79.25231647,11.62264239
264,4.390209673,0,245.0395503,0,67.36472645,,848.3414009,6601.513565,1149.505552,0,-80.53236734,28.62032097,22839.65086,79.00957917,11.62264143
265,3.889248,0,205.0102007,0,67.07240944,,848.2426194,5094.670058,334.9197405,0,-80.54780862,28.61300201,22817.7788,78.85998923,11.62263831
266,2.203067954,0,161.2530575,0,73.790996,,851.3975533,4964.934761,1076.888712,0,-80.54913444,28.6196752,22749.84801,77.79721785,11.62264142
267,1.701385375,0,217.6297339,0,72.41860236,,848.1745294,4354.349841,2099.30708,0,-80.55538595,28.62887222,22850.13709,78.81818524,11.62264554
268,3.755136,0,228.5451779,0,71.51170752,,848.9025305,4149.279586,-177.841304,0,-80.55749536,28.60839401,22801.98876,80.45979876,11.62263592
269,4.485301333,0,291.5529335,0,67.92875255,,848.1658793,4148.581746,903.7347484,0,-80.55749857,28.61812086,22789.53275,79.55371476,11.62264075
270,0.6932447537,0,167.5034674,0,67.43169485,,849.05953,3983.271087,961.0645532,0,-80.55919195,28.61863695,22806.11224,79.37112088,11.62264089
271,6.645994667,0,214.2392503,0,71.43067085,,849.5644845,5397.851477,1608.856365,0,-80.54469671,28.62445757,22802.71931,79.59150467,11.62264328
272,1.659036554,0,187.2650953,0,73.11299063,,848.7839099,7966.859756,-1616.235295,0,-80.51839866,28.59544042,22851.01239,79.19631259,11.62263025
273,5.012570724,0,349.1298003,0,67.7227159,,850.1192858,4426.82319,-699.9537048,0,-80.55465427,28.60369762,22801.1481,91.86245136,11.62263408
274,1.401835706,0,238.016445,0,70.79378443,,848.0935198,4889.99898,-77.03890585,0,-80.5499071,28.60929797,22794.17322,79.26501766,11.62263679
275,0.9489634375,0,259.6055268,0,73.571998,,849.017073,5636.102515,2050.493664,0,-80.54225354,28.6284283,22751.17872,79.3070862,11.62264538
276,5.742474672,0,234.1800091,0,68.43690462,,852.6561022,4061.220144,1774.905024,0,-80.55839047,28.62595575,22761.0973,78.1937722,11.62264428
277,1.403757992,0,209.8210446,0,69.48616108,,849.6328529,7518.976437,1701.857567,0,-80.52296427,28.6252834,22805.88188,79.12674621,11.62264395
278,2.541095814,0,251.0557742,0,72.20695131,,848.7360565,5536.187876,2295.454918,0,-80.54327605,28.63063172,22833.58514,79.96449529,11.62264634
279,3.52737359,0,220.1921125,0,68.43539226,,849.0775756,2383.140151,626.0976595,0,-80.57558576,28.61562844,22834.89568,79.25722201,11.62263956
280,2.031515165,0,243.9283917,0,71.64655142,,848.931798,5615.031718,-659.232744,0,-80.54248277,28.60405924,22816.1153,79.42737566,11.6226343
281,6.645994667,0,206.0576556,0,71.82695249,,849.7283649,3806.144914,2134.740489,0,-80.56100266,28.6291926,22811.96054,82.36261892,11.62264572
282,0.005071932564,0,247.7992676,0,72.66528635,,849.6075382,4759.169116,1854.034945,0,-80.55123925,28.62666501,22799.58588,80.36852545,11.6226446
283,5.03910156,0,189.5716413,0,71.84919232,,849.6566609,5386.626132,994.6415446,0,-80.54481462,28.61893385,22812.44538,78.98331408,11.62264109
284,5.621069118,0,242.1231771,0,70.55189739,,848.7015319,4488.804567,480.9319396,0,-80.55401472,28.61431737,22781.10246,80.48555975,11.62263902
285,0.68668983,0,197.5707401,0,68.93950438,,848.2290915,6001.10747,1291.548793,0,-80.53851776,28.62160131,22830.33605,78.9199324,11.62264216
286,4.387606167,0,216.842081,0,67.11923542,,847.6644048,7234.205688,960.8897828,0,-80.52588659,28.61862134,22839.74995,79.01892571,11.62264095
287,5.307241392,0,248.7440977,0,72.61537537,,851.3091533,3924.221116,492.5819326,0,-80.55979852,28.61442397,22767.36187,79.0063883,11.62263876
288,2.031515165,0,111.0663488,0,73.85559369,,848.7146358,6030.928018,-321.467868,0,-80.53822078,28.60709497,22824.04857,78.77862815,11.62263543
289,2.555910247,0,75.06004202,0,71.40468671,,848.7325578,6027.263462,294.156531,0,-80.53825506,28.61263143,22830.19747,79.1431419,11.62263809
290,1.808790896,0,179.778426,0,73.41461575,,848.2110261,8380.006913,504.93005,0,-80.51415137,28.61451391,22790.41121,79.71878997,11.6226388
291,4.485301333,0,267.2711734,0,69.67632343,,850.0727479,2932.763697,1101.475504,0,-80.56995389,28.6199025,22770.42468,79.35386595,11.62264118
292,2.171266118,0,284.5658867,0,70.77366086,,849.7676368,6958.82023,-451.0480098,0,-80.52871649,28.60592499,22805.7012,88.00915722,11.62263526
293,5.048824431,0,175.9981317,0,70.00129161,,848.4805056,6213.064255,-104.4087125,0,-80.53635384,28.60904617,22799.46107,79.08551958,11.62263632
294,3.069652833,0,240.2671359,0,68.03766485,,852.4973124,5250.197998,1602.685787,0,-80.54620951,28.62440268,22681.83785,79.32387559,11.62264326
295,2.996771208,0,237.6904061,0,72.35481058,,850.2405536,6437.044587,1908.58155,0,-80.53404804,28.62714833,22790.73289,79.35170445,11.62264476
296,5.114599801,0,216.7245742,0,70.788148,,849.0665944,5955.06773,439.7673921,0,-80.5389939,28.61394127,22822.15369,80.90696074,11.62263864
297,5.997632626,0,223.0443533,0,72.22879682,,850.52096,2710.989389,3629.636388,0,-80.57221995,28.64263927,22804.215,82.92464682,11.62265176
298,5.147512829,0,280.0687954,0,70.46668603,,848.868117,6955.27445,929.6621015,0,-80.52874439,28.61834203,22813.07971,78.87968782,11.62264085
299,0.03172657022,0,295.6236469,0,70.17993572,,848.4367361,6199.708439,-769.8151102,0,-80.53649428,28.60306209,22798.83101,78.70865089,11.62263379
300,0.7051470012,0,217.245186,0,72.94610163,,848.1444063,8101.125327,-443.6791843,0,-80.5170151,28.60598463,22729.6345,79.86119183,11.62263501
301,1.277651562,0,180.4894643,0,70.7499524,,848.1718893,6653.337378,2337.665724,0,-80.53182946,28.63100608,22838.95399,78.47051567,11.62264618
302,7.972213333,0,206.5721108,0,72.8537138,,847.7393898,8974.843129,922.239836,0,-80.50805432,28.61826289,22841.76032,79.05360417,11.62264081
303,0.22352,0,317.1643567,0,72.21114185,,848.937377,9075.59789,-1533.223989,0,-80.50704164,28.59617969,22759.35611,80.30596075,11.62263042
304,5.303931548,0,248.9642693,0,69.55766201,,849.4182385,4519.191175,-302.4726473,0,-80.55370653,28.60727194,22820.21119,79.09725803,11.62263535
305,7.689088,0,205.9565051,0,69.50175699,,848.5700826,7460.421287,650.0384221,0,-80.52357108,28.61582451,22835.24586,79.74279335,11.62263953
306,0.006056571572,0,81.57542362,0,68.96371748,,850.6045945,2568.422413,1737.7576,0,-80.57368512,28.62562549,22762.98441,81.92728928,11.62264389
307,6.147543577,0,290.7523962,0,67.7031248,,848.0872676,7140.462474,274.6566336,0,-80.52685127,28.61245042,22799.05189,78.87814287,11.6226382
308,2.235409206,0,204.2411531,0,73.3658228,,848.3175895,5553.764029,1205.864089,0,-80.54310128,28.62083272,22848.77413,79.26068881,11.62264142
309,2.41887228,0,3.058298517,0,67.79467847,,848.3926796,7049.957703,-912.8784286,0,-80.52778577,28.60177116,22805.93958,79.10537564,11.6226334
310,3.367701333,0,26.3340746,0,72.78421531,,849.0326533,5998.083875,1967.105701,0,-80.53854518,28.62767675,22829.45317,79.81517527,11.62264506
311,4.671568,0,246.4475961,0,73.41635001,,849.5693106,3910.760268,979.1256574,0,-80.55993475,28.6187996,22807.59218,79.83171361,11.62264097
312,1.103302693,0,239.9795473,0,69.26137413,,848.6669206,7523.663541,-170.1253364,0,-80.5229286,28.60844824,22830.72509,80.35288017,11.62263637
313,0.6665015404,0,199.8453869,0,67.3225118,,848.2023137,7363.649394,-2114.305289,0,-80.52458031,28.59096473,22846.15711,79.24803437,11.62262803
314,7.2644,0,227.2349,0,69.98477433,,849.3922684,3924.509359,-391.3705927,0,-80.55979861,28.60647439,22821.40676,78.82620802,11.6226354
315,3.12928,0,227.3796174,0,68.87105966,,848.3219148,6343.729869,2100.417265,0,-80.53500304,28.62887401,22835.88532,79.5037863,11.62264561
316,2.443302766,0,210.6660728,0,67.39877109,,851.7450327,5185.932984,2205.919284,0,-80.54686518,28.62982795,22766.63459,79.62514841,11.62264589
317,9.968992,0,193.2357779,0,70.63905774,,850.8735379,2461.094337,1579.67764,0,-80.5747851,28.62420405,22776.00972,79.33225956,11.62264313
318,1.71933264,0,30.40336469,0,69.45372076,,848.6612429,5218.620594,48.75062966,0,-80.54654015,28.61042794,22814.29051,79.14147848,11.6226368
319,8.314944,0,289.8436165,0,70.3670655,,850.7019551,4136.863676,1089.229254,0,-80.55761795,28.61978908,22779.13568,79.15929856,11.62264102
320,5.832664992,0,211.6874392,0,73.13214722,,848.0111747,5926.713813,211.6617447,0,-80.53928555,28.61189,22842.59423,79.77106428,11.62263785
321,5.945632,0,235.4286881,0,67.32284453,,848.9225361,5904.428798,-44.96487469,0,-80.53951517,28.6095822,22803.42671,79.25504269,11.62263663
322,3.263392,0,206.3357839,0,68.46848701,,849.2906541,7652.600086,361.4703603,0,-80.52160422,28.61322823,22827.92812,80.02438878,11.62263839
323,2.235509428,0,42.81495225,0,72.64728858,,849.625348,3226.245515,927.9498675,0,-80.56694766,28.61834125,22787.5393,78.37858651,11.62264068
324,4.671568,0,251.5256731,0,71.53542126,,848.1965216,4778.787378,-26.36308814,0,-80.55104614,28.60975412,22697.34507,79.50541397,11.62263697
325,2.179974485,0,212.0553198,0,71.74740369,,852.5122152,4335.868327,-160.3102999,0,-80.55558391,28.60855106,22794.00089,79.51616391,11.62263611
326,7.2644,0,235.0828678,0,73.6663754,,850.5477559,3040.3822,1555.04772,0,-80.56885013,28.62398132,22800.93396,80.00378427,11.62264301
327,0.22352,0,247.6999003,0,67.66991891,,849.3292502,6723.953687,-198.9659069,0,-80.53112089,28.60819325,22830.67549,78.3125336,11.62263626
328,5.141465056,0,202.1581,0,70.39641786,,848.570407,5652.487712,576.8576469,0,-80.54209297,28.6151755,22826.36622,79.04321148,11.62263907
329,5.742474672,0,227.0111624,0,69.10214746,,848.2804317,9286.341204,1424.940851,0,-80.50485898,28.62278159,22849.84496,79.0418524,11.62264271
330,2.236001101,0,220.8619605,0,70.87411762,,849.341695,6408.665739,731.909714,0,-80.53434541,28.61656641,22818.07822,82.69784404,11.62263954
331,2.61372665,0,241.0832368,0,69.07223498,,849.0160443,6950.771009,2236.192762,0,-80.52878256,28.63009196,22816.32955,79.31284556,11.62264611
332,4.671568,0,228.682603,0,72.48215424,,848.7334584,6146.998543,3421.225964,0,-80.5370116,28.64075327,22811.41233,79.22972604,11.62265051
333,4.671568,0,250.3637338,0,70.06769161,,851.1049082,5191.358039,303.3016856,0,-80.54681827,28.61271728,22764.40581,84.61071235,11.62263829
334,5.033996077,0,238.8886107,0,67.02746236,,849.7758974,6456.843641,665.7889995,0,-80.53385222,28.61597153,22798.11201,79.61074949,11.62263967
335,2.265395973,0,231.3804218,0,71.55853377,,848.8214464,5705.026142,677.0659329,0,-80.54155423,28.61607647,22795.95633,79.26498138,11.6226398
336,5.051250051,0,234.5098312,0,73.56091751,,849.289412,4335.237879,1570.462766,0,-80.55558378,28.62411627,22808.63237,78.88633726,11.62264292
337,3.978656,0,235.6379644,0,67.33949757,,849.3729022,3726.312728,209.0793572,0,-80.56182691,28.61187495,22781.23872,77.0669869,11.62263789
338,1.393196225,0,187.1906155,0,70.86612352,,848.4877107,7123.240682,946.1930717,0,-80.5270235,28.61848978,22840.73439,80.20092431,11.62264072
339,5.945632,0,90.49698824,0,72.62528933,,850.0700045,4419.416467,311.215943,0,-80.55472622,28.61279131,22778.53721,79.137412,11.62263816
340,1.408411367,0,197.7311779,0,72.13648551,,848.795979,6783.675711,1438.292664,0,-80.53049936,28.62291716,22794.22217,78.81789646,11.62264286
341,2.25284546,0,166.8276048,0,69.01500312,,853.2038525,2264.444864,1761.274786,0,-80.57679949,28.62583755,22762.13877,79.50259042,11.62264394
342,2.512876665,0,248.61817,0,73.82477484,,849.5865848,7212.319759,863.0888188,0,-80.52611143,28.61774192,22822.98666,79.67363371,11.62264038
343,1.873662883,0,234.5375023,0,70.74856924,,850.5849107,4596.466724,79.789891,0,-80.5529134,28.61070943,22795.74705,79.03409451,11.62263726
344,2.549016851,0,189.1482137,0,71.10082181,,848.3431735,5144.294855,1284.526388,0,-80.54729597,28.62154183,22811.87738,79.69106874,11.62264214
345,2.498474957,0,121.5751402,0,70.71194785,,849.4742711,6563.188845,3180.362082,0,-80.53274828,28.63858509,22825.54493,79.98545033,11.62264994
346,0.6759409061,0,227.0013065,0,73.55737568,,851.1740323,5566.391015,1660.795617,0,-80.54296969,28.62492396,22772.71504,79.16426099,11.6226437
347,0.6765622886,0,190.0257608,0,71.40190383,,849.4225605,4350.880192,-1273.099017,0,-80.55543437,28.59854346,22717.34227,79.04894941,11.62263152
348,1.375578978,0,151.8648319,0,73.54379933,,847.8665624,4258.674754,3026.838468,0,-80.55636276,28.63721403,22852.19946,79.35618759,11.62264935
349,5.051745314,0,230.5403577,0,73.16938811,,850.5903511,6616.622665,3246.240299,0,-80.53220037,28.63917728,22706.23447,79.24427949,11.62265014
350,6.049543643,0,196.0729129,0,68.8299693,,848.6030511,4571.301431,46.13790524,0,-80.55317133,28.61040688,22808.80669,79.72514725,11.62263711
351,2.61372665,0,42.25038459,0,69.04721791,,848.0783134,5341.997837,1155.85187,0,-80.54527107,28.62038384,22836.54125,83.63210883,11.62264175
352,1.883048225,0,213.5985653,0,68.77198527,,848.2198818,5929.517309,536.9233632,0,-80.53925514,28.61481513,22787.73562,81.28688341,11.62263907
353,6.549136,0,288.027813,0,67.99793632,,849.8873375,3537.181922,-284.9105232,0,-80.56376594,28.60743292,22810.25773,78.99645761,11.6226359
354,5.185664,0,221.611197,0,68.09618802,,848.6595345,8794.990271,-666.3125545,0,-80.50990913,28.60397793,22809.65912,79.25499564,11.62263435
355,3.263392,0,191.977592,0,72.54709535,,850.3957016,4941.115494,321.0346073,0,-80.54938174,28.61287773,22833.23545,79.07694643,11.62263838
356,2.61372665,0,256.8610751,0,68.18324693,,849.5481043,2611.416696,1597.793069,0,-80.57324494,28.62436667,22781.81993,80.95519033,11.62264326
357,2.268264221,0,221.1301126,0,71.19204878,,849.4799849,3730.358012,1422.016287,0,-80.5617815,28.62278314,22811.83803,79.16658495,11.62264284
358,5.185664,0,206.5609956,0,67.93006098,,852.6067295,5207.613872,585.9796604,0,-80.54665044,28.6152594,22753.31521,80.80585358,11.62263932
359,2.242157086,0,200.2464755,0,69.28356596,,847.7893922,6409.348926,452.9733045,0,-80.53433998,28.61405787,22829.65233,81.03216828,11.62263853
360,1.808790896,0,229.413916,0,69.01991453,,850.1985176,2974.87064,3728.895284,0,-80.56951564,28.64353135,22833.98087,79.52736718,11.62265215
361,9.298432,0,219.8430663,0,67.99472207,,848.5981755,3320.078063,3001.149077,0,-80.56598032,28.63698574,22832.24427,79.3540166,11.62264891
362,7.689088,0,266.5750388,0,70.63231453,,848.5136004,5293.229749,-281.0069889,0,-80.54577738,28.60746206,22824.65107,78.98753566,11.62263582
363,2.369312,0,238.6868729,0,72.6367634,,848.8730975,4418.23469,3283.630916,0,-80.5547268,28.63952288,22786.1089,80.76732482,11.6226504
364,2.369312,0,237.1715773,0,69.18046137,,850.1987307,8670.447539,1045.808677,0,-80.51117185,28.61937624,22768.92528,80.1424314,11.6226409
365,6.645994667,0,228.9092248,0,67.71375369,,848.4433875,5476.513983,2722.529302,0,-80.54388542,28.63447274,22834.50628,79.07012174,11.62264799
366,4.485301333,0,162.5150218,0,67.74921068,,850.1291116,6929.944885,1415.472688,0,-80.52900093,28.62271116,22757.57428,82.71788748,11.62264273
367,1.619129706,0,261.6128385,0,67.37622059,,849.0829502,5030.950296,1385.706443,0,-80.54845675,28.62245221,22784.96331,78.97491559,11.62264258
368,2.51142016,0,169.164834,0,67.20814139,,848.646412,2768.062136,146.5969185,0,-80.57164357,28.61131543,22801.81639,79.31539572,11.62263758
369,5.742474672,0,254.3866238,0,72.12875277,,848.6118524,4511.210609,-681.394056,0,-80.55378978,28.60386424,22827.9546,82.21395044,11.62263421
370,3.367701333,0,160.0179266,0,70.94706887,,850.8431696,3499.952925,2917.9847,0,-80.56413746,28.63623735,22783.02079,81.32348992,11.62264861
371,5.586563342,0,219.4495743,0,73.94822986,,849.0913957,5305.149755,1386.440739,0,-80.54564751,28.62245772,22823.35038,79.93197454,11.62264219
372,1.900785502,0,246.7471937,0,72.29474966,,848.7378203,8628.326908,920.0495916,0,-80.51160433,28.61824554,22758.36917,79.99305822,11.62264063
373,0.01081071027,0,190.2334416,0,71.19938559,,849.046648,2204.859363,855.0901296,0,-80.57741173,28.61768814,22791.38164,80.53182093,11.62264052
374,1.391758176,0,116.0070116,0,72.67096718,,848.3690826,4168.674601,1222.464449,0,-80.55729156,28.6209872,22819.40026,80.75166108,11.62264206
375,1.619129706,0,224.0323641,0,71.60461279,,847.9227477,5100.876249,-520.2950358,0,-80.54774887,28.60531086,22826.30999,79.29293931,11.62263497
376,9.103894118,0,201.7488291,0,71.63864679,,847.7407339,2579.567356,2250.957751,0,-80.57356978,28.63024079,22846.3346,80.39498077,11.62264617
377,1.88832863,0,212.1785297,0,67.88787068,,848.5930834,5244.001853,684.1835131,0,-80.54627722,28.61614242,22785.78291,79.29488318,11.6226394
378,8.60552,0,123.3468299,0,71.28272523,,849.0848069,5526.265459,1903.363228,0,-80.54337962,28.6271056,22821.68457,82.00547505,11.62264478
379,2.61372665,0,124.3723577,0,69.8114053,,849.7288899,2225.59869,4402.821466,0,-80.57719233,28.64959362,22792.2591,80.15740148,11.62265489
380,2.998663873,0,199.0310333,0,69.77841525,,848.0183081,5030.131421,555.7017825,0,-80.5484688,28.6149878,22831.29791,79.486743,11.622639
381,0.9530313668,0,186.6549057,0,69.04253282,,850.1499371,4860.923413,-420.3338025,0,-80.55020642,28.60621075,22727.74795,79.13011459,11.62263519
382,1.056062367,0,201.7087954,0,67.92111487,,848.7856471,5944.105449,1843.215658,0,-80.53909888,28.62656283,22843.47691,79.55081703,11.62264447
383,5.049789188,0,309.5155478,0,69.40037989,,850.6021429,4865.651311,1133.92144,0,-80.55015135,28.62018848,22764.62847,79.85994321,11.62264124
384,0.686776233,0,234.8728723,0,68.58699534,,849.4411915,4430.37516,869.0777006,0,-80.55461179,28.61780825,22786.73063,79.80463601,11.62264055
385,1.808790896,0,232.6739042,0,73.45426407,,848.2096302,4159.606882,675.2376646,0,-80.55738646,28.6160659,22832.99672,78.94888019,11.62263947
386,3.889248,0,173.6616238,0,68.15635414,,848.9213514,7324.111713,211.2803348,0,-80.52497033,28.61187944,22828.06149,80.51650192,11.62263781
387,6.645994667,0,239.0558721,0,67.48198971,,850.3090791,5260.914483,-661.4272735,0,-80.54611016,28.60404099,22808.97922,79.40482793,11.62263399
388,1.913260668,0,201.4786483,0,72.45586779,,850.223051,3339.900267,343.1422077,0,-80.565785,28.61308166,22833.91737,80.3530583,11.62263795
389,1.273049311,0,221.9330515,0,68.39402586,,850.1591345,5104.081898,421.1049632,0,-80.54771182,28.61377706,22742.73258,78.83624389,11.62263827
390,2.031515165,0,295.6155966,0,68.62128645,,851.1037253,4177.101087,-714.346794,0,-80.55721233,28.60356901,22765.53999,79.13438335,11.62263409
391,0.8552118135,0,12.69002892,0,72.2252348,,848.6614756,7360.060916,897.53511,0,-80.52459763,28.61805087,22833.84973,79.19719965,11.62264041
392,1.88582599,0,194.4153034,0,68.82483574,,850.2922952,2825.452674,3805.507171,0,-80.57104658,28.64422067,22802.5352,81.59297743,11.62265244
393,5.742474672,0,202.1067416,0,73.1670681,,848.4919391,6953.988052,1005.919906,0,-80.5287571,28.61902784,22828.23078,78.94158684,11.62264068
394,1.00338139,0,271.7738898,0,71.19325049,,849.7815248,5333.375021,1425.773712,0,-80.54535815,28.62281134,22780.08056,79.15530185,11.62264284
395,8.60552,0,239.2466921,0,68.22811224,,849.6500533,3147.920698,620.0357305,0,-80.56775094,28.6155723,22781.71032,81.39216719,11.62263947
396,1.888695214,0,219.8865989,0,72.62017722,,848.3622591,4505.987734,1327.327502,0,-80.55383534,28.62192912,22814.5563,81.06969014,11.62264229
397,3.52737359,0,197.4403123,0,69.47833018,,849.7166982,3692.062958,1531.962976,0,-80.56217349,28.62377202,22735.62336,82.3435662,11.62264307
398,0.9444761452,0,325.23348,0,71.97349664,,848.4862267,5789.315401,193.4108699,0,-80.54069318,28.61172648,22835.7863,79.6010191,11.62263741
399,0.9396779966,0,218.9212978,0,73.3517293,,848.1223538,4729.485418,1839.984569,0,-80.55154344,28.62653876,22828.9087,81.79641559,11.62264452
400,2.61372665,0,328.2670097,0,69.35242194,,848.6794927,3577.339116,2762.62291,0,-80.56334501,28.63483994,22838.34133,79.07940779,11.62264818
401,5.832664992,0,253.5635906,0,73.69352442,,847.9039334,5076.552153,1161.177841,0,-80.54799055,28.6204328,22852.21361,78.91095388,11.62264144
402,4.31976287,0,254.0342515,0,69.26511075,,850.6089847,4949.299883,865.8573086,0,-80.54929553,28.61777741,22820.16566,78.71819821,11.62264058
403,9.298432,0,189.6657729,0,69.57181898,,849.1212517,4290.003013,-1802.482387,0,-80.55605992,28.5937828,22825.83315,79.25365035,11.62262976
404,2.213835916,0,231.434824,0,67.59472796,,848.765841,5747.980319,2969.563721,0,-80.54110262,28.6366932,22826.88748,79.55054657,11.62264865
405,2.145792,0,205.8606043,0,67.40169832,,849.9435623,4599.288935,2586.929054,0,-80.55287437,28.63325666,22806.72198,86.62224978,11.62264754
406,6.549136,0,216.7715256,0,73.98575138,,848.359772,2782.70972,1709.138408,0,-80.5714897,28.62536767,22794.00065,79.05638468,11.62264357
407,2.847032355,0,216.0927152,0,73.61331585,,847.9794099,4600.090397,586.0859527,0,-80.55287424,28.61526265,22844.5784,79.49149202,11.62263944
408,6.054874924,0,276.6324409,0,70.31381429,,848.873117,4969.480112,1398.552153,0,-80.54908647,28.62256797,22782.9614,77.74061562,11.62264273
409,0.0276011973,0,46.00673889,0,68.03760258,,848.3401339,7066.645641,1869.381524,0,-80.52759758,28.62679252,22822.51255,81.64587275,11.62264447
410,0.886163127,0,329.9853825,0,69.46811503,,851.4905214,5194.765419,1698.439567,0,-80.546777,28.62526404,22797.35765,78.8226233,11.62264368
411,6.147543577,0,177.0218462,0,68.87681024,,849.1770834,6420.159145,-993.0812751,0,-80.53423738,28.60105314,22833.8196,79.21295768,11.62263302
412,1.398609102,0,227.8176201,0,73.05762942,,850.457087,3127.57457,666.6398089,0,-80.56795925,28.61599147,22783.40815,79.34150511,11.62263952
413,3.012899593,0,26.85431027,0,71.70598829,,850.3629288,6543.378319,1435.482485,0,-80.53296129,28.62289312,22790.59814,78.94938153,11.62264292
414,4.282417666,0,42.80523978,0,72.39889067,,849.9169454,3595.748227,3596.756261,0,-80.56315375,28.64234143,22802.45867,79.90257026,11.6226516
415,0.22352,0,93.64457926,0,69.44011478,,847.9980546,5854.5883,1790.440076,0,-80.54001631,28.62608861,22847.91176,78.86494462,11.62264404
416,3.367701333,0,120.4934223,0,68.31741367,,848.6409323,7688.165955,2896.855983,0,-80.52122277,28.63602928,22781.89314,79.29121826,11.62264875
417,2.996498053,0,94.39318484,0,70.76499208,,848.808902,6565.798204,1103.941504,0,-80.5327335,28.61991139,22840.30562,79.51692779,11.62264137
418,6.48208,0,235.6036801,0,73.72606886,,848.9646251,7359.231669,667.7989059,0,-80.52460761,28.61598481,22753.10445,79.71491707,11.62263981
419,5.185664,0,246.9363382,0,73.72383999,,849.8881196,7915.05616,2762.944932,0,-80.51889886,28.63482363,22794.882,80.73548216,11.62264828
420,5.945632,0,102.8238542,0,67.47653909,,849.5681614,6342.69715,-1073.925753,0,-80.53503129,28.60032647,22830.62958,80.10924879,11.62263262
421,1.300781884,0,201.266801,0,68.17205555,,848.082927,5481.642372,2227.338356,0,-80.54383526,28.63001936,22821.57561,79.00655197,11.62264607
422,0.02287985899,0,193.3612862,0,73.72482049,,847.8858913,3950.61985,2753.437269,0,-80.55952024,28.63475624,22826.01169,79.17385128,11.62264792
423,1.409252925,0,235.6540298,0,70.74679389,,848.1802873,4017.455556,2274.300966,0,-80.5588371,28.63044706,22812.6282,78.59337588,11.62264631
424,6.772656,0,245.4995669,0,71.63448727,,849.6561169,5109.670452,-312.4563987,0,-80.54765786,28.60717996,22735.37108,79.21366812,11.62263583
425,6.839712,0,224.4880848,0,71.07337041,,849.2613974,2528.70886,146.8136086,0,-80.57409554,28.61131786,22830.34935,80.72082183,11.62263721
426,4.902538667,0,184.1667887,0,73.05376424,,848.7466001,6442.162748,-321.1994956,0,-80.5340082,28.60709541,22757.84365,78.55675414,11.62263548
427,2.242916882,0,220.3846417,0,73.76517713,,848.4097809,8381.212457,2971.783043,0,-80.51412088,28.63669883,22822.60965,79.40570332,11.6226491
428,4.321357442,0,217.4937672,0,73.25155373,,849.7654108,4672.420591,858.5343875,0,-80.55213213,28.61771258,22830.35677,80.26518375,11.62264007
429,5.603936754,0,208.8316018,0,69.6266228,,850.0395547,5678.842479,1117.532074,0,-80.54182028,28.62003779,22739.92777,78.91389461,11.62264145
430,4.307963234,0,250.478768,0,71.5562903,,848.8463308,8762.909602,1007.126044,0,-80.51022489,28.61902774,22840.3829,79.34376677,11.62264111
431,2.369312,0,205.2208542,0,67.48896644,,851.4107638,4305.213702,278.8656639,0,-80.55589627,28.61250076,22772.6018,85.15276481,11.62263816
432,4.671568,0,178.2279184,0,68.9983405,,848.8048359,5834.252709,2209.027488,0,-80.54022252,28.62985315,22830.39581,79.04114457,11.62264603
433,4.429964113,0,214.1685054,0,70.58685263,,848.6935435,3791.07786,2760.688603,0,-80.56115495,28.63482193,22824.0298,78.99431334,11.62264817
434,0.759968,0,231.0252604,0,67.7657128,,850.7097807,3601.367485,617.2535975,0,-80.56310558,28.6155461,22799.17039,79.95845338,11.62263958
435,6.347968,0,215.7072162,0,73.99954003,,848.0587838,7213.88745,185.0985375,0,-80.52609966,28.6116446,22804.24754,79.04985826,11.62263774
436,8.225536,0,191.8633096,0,67.41382769,,848.810638,4913.077228,3025.928724,0,-80.54965731,28.63720353,22799.91324,78.82722954,11.62264935
437,3.68808,0,212.6812717,0,71.75653595,,849.2568816,6911.086661,-1481.952126,0,-80.5292117,28.5966541,22800.94977,80.26442478,11.62263072
438,2.435114669,0,236.9778549,0,73.55837147,,848.8991968,2337.285596,1509.862629,0,-80.57605371,28.62357642,22801.92154,79.61611518,11.62264296
439,5.742474672,0,105.2174578,0,71.95451179,,851.2403771,5338.385933,129.5314107,0,-80.54531288,28.61115393,22707.73136,79.42198443,11.6226374
440,4.306521145,0,208.6789747,0,70.97679311,,850.9171348,5929.499299,3200.911384,0,-80.53924146,28.63877294,22720.79538,79.24710323,11.62264951
441,3.263392,0,241.9361539,0,70.00352914,,849.4294589,4110.029169,1292.440156,0,-80.55789214,28.62161669,22814.56312,80.22597059,11.62264226
442,1.398545591,0,221.1539168,0,71.16540865,,847.3636542,6167.544005,-18.03155864,0,-80.53681968,28.60982319,22854.2761,78.93549174,11.62263652
443,1.619129706,0,138.3691739,0,70.65890749,,849.0149159,2376.670191,2560.642365,0,-80.57564801,28.63302623,22788.61879,79.64578451,11.62264746
444,1.361825153,0,216.8885288,0,70.9775698,,849.2689884,5590.675164,20.73801377,0,-80.54272893,28.61017447,22734.12217,78.29637234,11.62263697
445,1.42642747,0,227.3249294,0,71.1843119,,849.4599623,4919.430364,2369.499743,0,-80.54959505,28.6313001,22755.18122,78.23584937,11.62264667
446,4.319738108,0,197.1407191,0,70.80179432,,848.6981277,4691.538561,1516.200177,0,-80.55193356,28.62362704,22745.58567,77.83175106,11.62264321
447,2.847032355,0,257.1361018,0,68.10622878,,848.1548699,8001.190752,1887.867028,0,-80.51802243,28.62695334,22822.21469,80.66940876,11.62264462
448,6.549136,0,217.173485,0,68.14061411,,848.5308377,6676.692556,3740.279259,0,-80.53158194,28.64361997,22835.7605,78.79094127,11.62265202
449,2.194614157,0,224.6722434,0,69.97499896,,849.5713607,3757.318373,761.3709979,0,-80.56150746,28.61684174,22807.49151,78.78804331,11.62264001
450,2.369312,0,238.1184538,0,73.50027854,,849.6071561,4221.783258,291.272741,0,-80.55675091,28.61261262,22826.47868,79.62484861,11.62263781
451,9.133736106,0,217.9097671,0,73.14861401,,848.8341933,4413.973593,-195.2232436,0,-80.55478394,28.60823682,22818.34483,79.57411183,11.62263632
452,2.522324554,0,268.8465434,0,71.29308007,,852.96583,4089.349665,874.8212364,0,-80.5581055,28.61786102,22746.0723,78.88016014,11.62264034
453,0.01339316078,0,183.3120288,0,70.30888243,,849.0816105,6171.502792,3014.293133,0,-80.53676271,28.63709352,22812.67945,79.22781823,11.62264903
454,9.209024,0,200.9400358,0,72.34829917,,848.9949564,6796.225343,-2476.730282,0,-80.53039412,28.58770846,22751.80596,79.07919607,11.62262682
455,1.281871167,0,327.6389047,0,68.54222386,,848.6629765,5445.191529,2608.733975,0,-80.54420691,28.63344949,22836.62623,79.41391136,11.62264726
456,6.48208,0,189.6661932,0,70.50057264,,848.5465048,7065.08573,-1009.710593,0,-80.52763141,28.60090024,22806.33721,80.9372378,11.62263258
457,4.419263357,0,203.1708544,0,72.84680348,,849.7814985,6564.660298,-2557.716277,0,-80.53276624,28.58698132,22760.45285,78.86645491,11.62262668
458,4.485301333,0,238.5088517,0,67.21747339,,848.4323352,6463.612664,347.1362124,0,-80.53378468,28.61310579,22821.21294,78.79286734,11.62263846
459,8.49376,0,104.9546843,0,70.73213429,,850.3394606,3802.795453,2712.994619,0,-80.56103505,28.63439298,22777.05497,79.34435929,11.6226478
460,4.283458253,0,231.3534279,0,73.99847972,,848.2575785,3684.639855,158.9848956,0,-80.56225398,28.61142456,22839.96783,79.04915255,11.62263728
461,1.080158171,0,175.8280391,0,68.66544449,,848.7465256,5704.569144,975.9377196,0,-80.54155742,28.61876429,22828.17909,79.8845472,11.62264098
462,5.409184,0,219.1986663,0,67.2481578,,848.7303592,6408.94439,584.2290058,0,-80.53434339,28.61523828,22839.02483,79.26924722,11.62263895
463,2.514083341,0,230.1043978,0,71.89044447,,849.5967265,5151.037394,1299.383008,0,-80.54722682,28.62167542,22825.49626,78.69263297,11.62264238
464,3.012364726,0,209.275594,0,68.93576049,,849.3725475,6746.802761,-571.2464598,0,-80.53088903,28.60484514,22742.95822,79.21666915,11.62263469
465,0.01928553738,0,247.3904994,0,70.1386672,,851.9782995,3384.203803,1856.216745,0,-80.56532665,28.62668895,22755.84183,81.03961924,11.62264446
466,0.01754032629,0,224.5130863,0,71.80565786,,849.2875486,7721.397652,-117.9089763,0,-80.52090269,28.60891667,22796.8728,81.78544246,11.62263614
467,7.972213333,0,93.21944325,0,71.90196431,,848.2715767,4254.349681,3232.3943,0,-80.55640631,28.63906265,22798.46178,80.32243718,11.62265003
468,6.645994667,0,183.0533476,0,68.41779019,,847.9422165,7065.507403,1044.504139,0,-80.52761436,28.61937423,22852.67598,78.60365616,11.62264128
469,3.978656,0,253.8422686,0,73.80831795,,848.6475762,3453.353125,1749.556652,0,-80.56461849,28.62572955,22788.63582,79.05918526,11.62264418
470,7.420864,0,247.2715475,0,68.36002151,,850.2778117,8974.271983,796.9763917,0,-80.50806115,28.61713637,22758.92032,79.99306586,11.62263999
471,6.645994667,0,325.5392905,0,68.70375977,,848.6996948,6490.594354,2904.714937,0,-80.53349371,28.6361065,22813.34119,79.26590946,11.62264888
472,1.909007857,0,220.7053505,0,72.58584365,,849.440523,6050.958643,-218.930999,0,-80.53801505,28.60801701,22824.06854,79.01041811,11.62263607
473,1.698508101,0,61.24760927,0,68.89345134,,851.1462886,3810.044256,1496.759196,0,-80.56096484,28.62345509,22742.24072,79.07856193,11.62264307
474,3.52737359,0,240.1193511,0,73.7579559,,849.447784,5652.969396,1218.738165,0,-80.54208485,28.62094807,22702.54532,79.01485234,11.622642
475,2.438216211,0,276.0427271,0,69.62800531,,850.4881971,6211.937505,-572.3931096,0,-80.53636793,28.60483749,22796.59041,80.59431294,11.62263438
476,1.082728866,0,224.0814058,0,73.50302037,,851.4785888,6177.40438,556.5033743,0,-80.53671556,28.61499006,22789.26449,77.83910301,11.62263921
477,6.645994667,0,212.7343816,0,71.97072255,,847.835765,6598.064492,1470.596077,0,-80.53240081,28.62320862,22848.74021,80.65665701,11.62264277
478,2.531224125,0,172.173153,0,68.65325159,,848.4100262,4807.290722,-398.6904041,0,-80.55075572,28.6064056,22817.66447,78.99797207,11.6226354
479,1.042827603,0,215.2621198,0,67.17199746,,848.970795,6563.438164,-756.2112044,0,-80.53276839,28.60318265,22812.36827,78.76887464,11.62263397
480,7.2644,0,75.16501559,0,73.42989705,,848.853411,6542.961234,284.3927973,0,-80.53297217,28.61254112,22829.12607,79.64407128,11.6226378
481,2.847032355,0,221.4825301,0,68.2737288,,847.8064563,1874.197115,140.5820558,0,-80.58080046,28.61126293,22828.09847,78.98069848,11.6226373
482,4.902538667,0,206.8365578,0,68.44120664,,849.0098574,4952.478487,1472.539492,0,-80.54926033,28.62323342,22731.32208,79.25703973,11.62264285
483,6.772656,0,212.7456719,0,70.92485555,,849.4974321,4461.735719,-1083.160686,0,-80.55429815,28.60025124,22780.08558,81.50920167,11.62263264
484,2.369312,0,90.5117139,0,72.66791402,,850.0489658,4865.644246,-414.3884344,0,-80.55015803,28.6062642,22775.35149,79.20349919,11.62263543
485,7.584778667,0,270.1307217,0,72.0053761,,850.3284726,6321.954398,-391.7376199,0,-80.53523997,28.60646163,22776.29437,78.67278444,11.62263517
486,2.466772751,0,78.68234324,0,67.90289031,,850.2584663,3827.931879,-648.6616169,0,-80.56078878,28.60416081,22810.08734,81.69977586,11.62263441
487,5.945632,0,202.0545392,0,73.21734365,,851.5345751,2311.221115,1511.150428,0,-80.57632075,28.62358805,22766.01016,84.30074375,11.62264278
488,3.978656,0,206.1538207,0,67.52448157,,848.2400812,4343.809167,1467.707531,0,-80.55549636,28.62319215,22820.26915,78.57793216,11.62264302
489,0.01227350764,0,169.0487019,0,71.0348828,,848.3381885,5774.688741,462.2439659,0,-80.54084166,28.61414422,22851.84025,79.59941577,11.62263861
490,3.978656,0,215.9773489,0,73.9066881,,849.5432029,3971.03035,3193.262314,0,-80.55930957,28.63871162,22753.92357,78.84111039,11.62264989
491,1.296987683,0,161.8436948,0,68.42941756,,850.1298742,5499.635077,172.7337403,0,-80.54366082,28.61154179,22790.36046,79.55517624,11.62263779
492,1.056086264,0,249.5468952,0,71.11101934,,848.2762262,3437.74705,-148.8309474,0,-80.56478411,28.60865698,22845.77697,79.16843955,11.62263643
493,1.662899373,0,221.3258493,0,68.3598213,,847.9950082,5115.682035,3069.048719,0,-80.5475811,28.63759054,22796.35674,77.61111208,11.62264939
494,6.019062549,0,228.3204656,0,73.93742565,,848.3111123,6887.943778,902.3205125,0,-80.52943435,28.6180965,22777.11795,79.20524728,11.62264072
495,5.050087162,0,193.8830991,0,69.78950896,,850.4374009,4569.797081,558.1686686,0,-80.55318469,28.61501169,22780.52771,85.90945866,11.62263933
496,1.659377846,0,20.52869934,0,71.62361667,,849.8791341,3581.306947,-332.9404616,0,-80.56331408,28.60700086,22781.2159,77.49503307,11.62263545
497,1.420157824,0,257.1770774,0,72.7536392,,848.4362041,2431.039023,706.8731057,0,-80.57509489,28.61635479,22826.40971,80.41554356,11.62263975
498,5.135756493,0,202.292154,0,68.92746283,,848.5874192,6392.62945,-801.296739,0,-80.5345183,28.60277804,22830.85611,79.2503497,11.62263366
499,5.057256038,0,221.96841,0,67.93022698,,848.6892722,5548.680912,605.2809617,0,-80.54315628,28.61543157,22821.02234,78.56666632,11.62263908